<?xml version="1.0" encoding="UTF-8"?>
<project-private xmlns="http://www.netbeans.org/ns/project-private/1">
    <editor-bookmarks xmlns="http://www.netbeans.org/ns/editor-bookmarks/2" lastBookmarkId="0"/>
    <open-files xmlns="http://www.netbeans.org/ns/projectui-open-files/2">
        <group>
            <file>file:/G:/Core%20Java/Lecture_04/web/result.jsp</file>
            <file>file:/G:/Core%20Java/Lecture_04/web/index.html</file>
            <file>file:/G:/Core%20Java/Lecture_04/web/WEB-INF/web.xml</file>
        </group>
    </open-files>
</project-private>
